PDB-ID,PDB entity,UniProtID,Residue number,Identity
1BQY,1BQY_1,Q91516,204,S
1CE2,1CE2_1,O77698,278,S
1CU1,1CU1_1,P26663,1165,S
1DBI,1DBI_1,Q45670,347,S
1EP6,1EP6_1,P05674,226,S
1EUF,1EUF_1,P80219,201,S
1EXF,1EXF_1,P09331,233,S
1K32,1K32_1,P96086,1023,E
1KXF,1KXF_1,P03316,215,S
1LAY,1LAY_1,P16753,157,H
1OP2,1OP2_1,Q9I8X1,204,S
1P57,1P57_2,P05981,353,S
1Q3X,1Q3X_1,O00187,633,S
1QTF,1QTF_1,P09332,217,S
1UMU,1UMU_1,P0AG11,97,K
1WSD,1WSD_1,Q99405,326,S
1WYK,1WYK_1,P27285,215,S
1Z0W,1Z0W_1,O29883,552,K
2AIQ,2AIQ_1,P09872,177,S
2AS9,2AS9_1,Q2FXC4,193,S
2E7V,2E7V_1,Q8VHK8,367,S
2GV7,2GV7_1,Q9Y5Y6,805,S
2HD4,2HD4_2,P02788,278,S
2HLC,2HLC_1,P08897,210,S
2IY9,2IY9_1,Q6EZC2,272,S
2OLG,2OLG_1,O97366,315,S
2OQ5,2OQ5_1,Q9UL52,373,S
2P3W,2P3W_1,P83110,305,S
2SFA,2SFA_1,P41140,147,S
2X36,2X36_1,P36776,898,K
2XXL,2XXL_1,Q9VB68,318,S
2Z3B,2Z3B_1,P39070,2,S
2Z7J,2Z7J_1,P25220,673,K
2Z9I,2Z9I_1,O53896,317,S
2ZEC,2ZEC_1,Q15661,224,S
2ZGH,2ZGH_1,P51124,207,S
3A3D,3A3D_1,P45161,310,S
3A3P,3A3P_2,P58502,348,S
3AK5,3AK5_1,O88093,259,S
3E0N,3E0N_1,Q16651,238,S
3F7M,3F7M_1,Q68GV9,328,S
3FZZ,3FZZ_1,P08882,204,S
3HJR,3HJR_1,Q9L5A4,360,S
3I6S,3I6S_1,O82777,538,S
3K2U,3K2U_2,Q04756,598,S
3K6Z,3K6Z_1,P9WHR9,343,S
3L4E,3L4E_1,P58495,160,H
3LH3,3LH3_1,P0AEE3,201,S
3POJ,3POJ_1,Q8CHN8,651,S
3QFH,3QFH_1,A0A0H2WX20,393,S
3QO6,3QO6_1,O22609,282,S
3RP2,3RP2_1,P00770,202,S
3S69,3S69_1,Q7SZE1,204,S
3SY7,3SY7_1,P32722,319,S
3SYJ,3SYJ_1,P45387,243,S
3WWV,3WWV_1,O59179,138,K
3ZED,3ZED_2,P05844,674,K
4E5S,4E5S_1,A0A6L8PVW7,299,H
4INL,4INL_1,Q2FXC5,192,S
4K1T,4K1T_1,Q2FXC3,193,S
4M1Z,4M1Z_2,A0QNL1,334,S
4MVN,4MVN_1,Q2FXC2,189,S
4MZD,4MZD_1,Q07596,512,S
4N0N,4N0N_1,P19811,3007,K
4OM9,4OM9_1,O68900,260,S
4Q7Z,4Q7Z_1,Q6UWY2,218,S
4YNL,4YNL_1,P27709,152,S
5JD8,5JD8_1,A0A5P8YL96,200,S
5MM8,5MM8_1,Q2FXC7,191,S
5NX3,5NX3_1,Q92876,197,S
5TIC,5TIC_1,P0ADA1,183,H
5TXC,5TXC_1,E8RUP5,638,H
5Y09,5Y09_1,Q9FL12,278,S
5YLX,5YLX_3,Q9YN02,3758,K
6A4T,6A4T_1,Q9RVF9,153,H
6H8M,6H8M_1,O08762,711,S
6N4N,6N4N_1,P26664,1165,S
6RX7,6RX7_1,P08519,1990,S
6SF7,6SF7_1,Q2FFT4,192,S
6SI6,6SI6_1,Q96724,670,K
7ARX,7ARX_2,P48740,646,S
7BYF,7BYF_2,Q6PFD9,881,S
7FDW,7FDW_1,P24627,278,S
7JQV,7JQV_1,Q9Y5K2,207,S
7MEQ,7MEQ_1,O15393,441,S
7S5H,7S5H_2,Q8NBP7,386,S
7SFM,7SFM_1,P9WHR3,490,H
7SJP,7SJP_1,Q92743,328,S
7U5B,7U5B_3,Q9Y337,245,S
7UXG,7UXG_1,P76176,223,S
7VPG,7VPG_2,P52948,881,S
7Z2J,7Z2J_1,Q008X6,6790,E
8DAX,8DAX_1,L0RUV7,220,S
